addy,sprouts_addresses
"","630 San Antonio Rd.
 Mountain View, CA 94040
 650-397-3001"
"","15405 E. Briarwood Cr.
 Aurora, CO 80016
 303-690-4600"
"","9301 E. Shea Blvd. #132
 Scottsdale, AZ 85260
 480-551-9665"
"","1523 S. Dale Mabry Hwy.
 Tampa, FL 33629
 813-466-3390"
"","1706 E. Southern Ave.
 Tempe, AZ 85282
 480-820-4900"
"","17482 Yorba Linda Blvd.
 Yorba Linda, CA 92886
 714-572-3535"
"","9414 Falls of Neuse Rd.
 Raleigh, NC 27615
 919-326-2530"
"","576 S. Perkins
 Memphis, TN 38117
 901-620-4405"
"","1560 Riordan Ranch St.
 Flagstaff, AZ 86001
 928-679-6000"
"","3630 Grand Ave.
 Chino Hills, CA 91709
 909-548-0440"
"","1131 E. 120th Ave.
 Thornton, CO 80233
 303-457-3600"
"","23105 Cinco Ranch Blvd.
 Katy, TX 77494
 281-769-0444"
"","8557 E. Arapahoe Rd.
 Greenwood Village, CO 80112
 303-721-1400"
"","1530 Geary Rd.
 Walnut Creek, CA 94597
 925-953-1113"
"","1550 E. Debbie Ln.
 Mansfield, TX 76063
 682-422-0061"
"","3900 Mowry Ave.
 Fremont, CA 94538
 510-284-1050"
"","5112 Lomas Blvd., NE
 Albuquerque, NM 87110
 505-268-5127"
"","550 Camino De Estrella
 San Clemente, CA 92672
 949-542-1036"
"","23269 N. Scottsdale Rd.
 Scottsdale, AZ 85255
 480-295-4789"
"","7055 Hwy. 6 N. 
 Houston, TX 77095
 832-575-2201"
"","1150 S. Ironton St.
 Aurora, CO 80012
 720-278-2008"
"","6920 Manchaca Rd.
 Austin, TX 78745
 512-687-2204"
"","1430 Towne Lake Pkwy.
 Woodstock, GA 30189
 678-224-9799"
"","5265 US Hwy. 280
 Birmingham, AL 35242
 205-263-2808"
"","1700 McHenry Blvd.
 Modesto, CA 95350
 209-527-7575"
"","8330 S. Tamiami Trail
 Sarasota, FL 34238
 941-218-8119"
"","220 Randol Mill Ave.
 Southlake, TX 76092
 682-223-5805"
"","1327 Encinitas Blvd. 
 Encinitas, CA 92024
 760-633-4747"
"","471 College Blvd.
 Oceanside, CA 92057
 760-726-7274"
"","3201 Zafarano Dr., Suite 20
 Santa Fe, NM 87507
 505-424-1900"
"","4310 Lavista Rd.
 Tucker, GA 30084
 470-260-2368"
"","6300 San Mateo Blvd., NE
 Albuquerque, NM 87109
 505-821-7000"
"","1450 W. Independent Ave.
 Grand Junction, CO 81505
 970-549-3001"
"","1431 W. Imperial Hwy.
 La Habra, CA 90631
 562-265-2151"
"","1105 Garth Brooks Blvd.
 Yukon, OK 73099
 405-494-3054"
"","1515 Hawthorne Blvd.
 Redondo Beach, CA 90278
 424-903-7028"
"","15050 West 64th Ave.
 Arvada, CO 80007
 303-801-4570"
"","4759 W. 29th St., Unit B
 Greeley, CO 80634
 970-576-3050"
"","3625 E. Colfax Ave.
 Denver, CO 80206
 720-347-4205"
"","7530 W. Lake Mead Blvd.
 Las Vegas, NV 89128
 702-216-3556"
"","515 N. Stephanie St.
 Henderson, NV 89014
 702-777-7095"
"","5130 W. Peoria Ave.
 Glendale, AZ 85302
 623-487-0330"
"","4700 West 38th Ave.
 Denver, CO 80212
 303-433-2350"
"","1250 Scenic Highway, Ste. 1704
 Lawrenceville, GA 30045
 678-690-1279"
"","11900 South St.
 Cerritos, CA 90703
 562-274-0602"
"","5800 N. 10th St.
 McAllen, TX 78504
 956-331-2123"
"","10000 W. Sahara Ave.
 Las Vegas, NV 89117
 702-216-5060"
"","8441 Farm Rd.
 Las Vegas, NV 89131
 702-583-3830"
"","2824 E. Indian School Rd. #126
 Phoenix, AZ 85016
 602-553-3131"
"","4740 Bauer Farm Dr.
 Lawrence, KS 66049
 785-727-7314"
"","2718 Old Chocolate Bayou Rd.
 Pearland, TX 77584
 713-482-3987"
"","3030 Harbor Blvd., Suite D
 Costa Mesa, CA 92626
 714-751-6399"
"","10821 N. Zelzah Ave.
 Granada Hills, CA 91344
 818-366-0717"
"","510 W. 13th Ave.
 Escondido, CA 92025
 760-743-1528"
"","15727 Bernardo Heights Pwky.
 San Diego, CA 92128
 858-385-1606"
"","3315 Rosecrans St., Suite B
 San Diego, CA 92110
 619-523-3640"
"","5645 E. State Route 69
 Prescott Valley, AZ 86314
 928-379-8000"
"","6284 S. State St.
 Murray, UT 84107
 801-266-3566"
"","152 N. 2nd St.
 El Cajon, CA 92021
 619-579-8251"
"","6061 NW. 64th St.
 Kansas City, MO 64151
 816-303-6503"
"","2060 E. Baseline Rd.
 Mesa, AZ 85204
 480-401-3758"
"","4230 Pacific Coast Hwy.
 Torrance, CA 90505
 424-903-7062"
"","245 E. Bell Rd. #15
 Phoenix, AZ 85022
 602-218-4949"
"","4253 Woodruff Ave. 
 Lakewood, CA 90713
 562-739-2541"
"","3358 Governor Dr.
 San Diego, CA 92122
 858-457-5006"
"","8601 W. Cross Dr.
 Littleton, CO 80123
 720-214-0410"
"","3775 Alton Pkwy.
 Irvine, CA 92606
 949-705-5435"
"","79050 Hwy. 111
 La Quinta, CA 92253
 760-771-2485"
"","2582 S. Val Vista Dr.
 Gilbert, AZ 85295
 480-821-1511"
"","1980 E. County Line Rd.
 Highlands Ranch, CO 80126
 303-243-5060"
"","7665 N. Oracle Way
 Oro Valley, AZ 85704
 520-297-5446"
"","16415 Paseo Del Sur
 San Diego, CA 92127
 858-798-8232"
"","98 Wadsworth Blvd.
 Lakewood, CO 80226
 303-957-9276"
"","3365 E. Tropicana Ave.
 Las Vegas, NV 89121
 702-777-0650"
"","909 W. 6th Ave.
 Stillwater, OK 74074
 405-571-3153"
"","12301 Seal Beach Blvd.
 Seal Beach, CA 90740
 562-794-2125"
"","4345 Corbett Dr.
 Fort Collins, CO 80525
 970-416-3350"
"","8101 Callaghan Rd.
 San Antonio, TX 78230
 210-979-8121"
"","6942 Warner Ave.
 Huntington Beach, CA 92647
 714-369-1160"
"","10225 Research Blvd.
 Austin, TX 78759
 512-225-9101"
"","149 S. Las Posas Rd.
 San Marcos, CA 92078
 760-208-6041"
"","1745 E. Hebron Pkwy.
 Carrollton, TX 75010
 972-428-5785"
"","878 Eastlake Pkwy.
 Chula Vista, CA 91914
 619-421-2099"
"","20831 E. Smoky Hill Rd.
 Centennial, CO 80015
 720-305-0959"
"","920 Foothill Blvd.
 La Canada Flintridge, CA 91011
 818-495-1103"
"","1343 W. Campbell Rd.
 Richardson, TX 75080
 214-442-5961"
"","1730 Dublin Blvd.
 Colorado Springs, CO 80918
 719-590-8890"
"","4930 Teasley Lane
 Denton, TX 76210
 940-999-2263"
"","24 E. 2nd St.
 Edmond, OK 73034
 405-341-5727"
"","6760 W. Deer Valley Rd.
 Glendale, AZ 85310
 623-385-4430"
"","5250 Medford Dr.
 Hoover, AL 35244
 205-263-4970"
"","4006 S. Lamar Blvd.
 Austin, TX 78704
 512-444-3079"
"","5225 E. Southern Ave.
 Mesa, AZ 85206
 480-218-6491"
"","9050 Hwy. 64
 Lakeland, TN 38002
 901-259-3450"
"","2220 Peachtree Industrial Blvd.
 Duluth, GA 30097
 470-362-7283"
"","10018 Commons St.
 Lone Tree, CO 80124
 720-279-6616"
"","1011 N. San Fernando Blvd.
 Burbank, CA 91504
 818-566-4089"
"","4630 Palm Ave.
 La Mesa, CA 91941
 619-460-7722"
"","4735 E. Ray Rd., #100
 Phoenix, AZ 85044
 480-295-4901"
"","13150 Central Ave. SE
 Albuquerque, NM 87123
 505 998 1025"
"","2036 N Zaragoza Rd.
 El Paso, TX 79938
 915-218-2954"
"","400 W. Huntington Dr.
 Monrovia, CA 91016
 626-358-6845"
"","2551 Blackmon Dr.
 Decatur, GA 30033
 404-965-6290"
"","2207 W. Florida Ave.
 Hemet, CA 92545
 951-537-1975"
"","1813 N. Dysart Rd.
 Avondale, AZ 85392
 623-535-8989"
"","475 E. Alessandro Blvd.
 Riverside, CA 92508
 951-565-5400"
"","4020 S. Rainbow Blvd.
 Las Vegas, NV 89103
 702-876-4888"
"","3150 Village Shops Dr.
 Germantown, TN 38138
 901-259-7020"
"","5660 Sepulveda Blvd. 
 Culver City, CA 90230
 310-591-1028"
"","4330 East-West Conn.
 Smyrna, GA 30082
 770-200-7587"
"","32413 Hwy. 79 South
 Temecula, CA 92592
 951-303-0087"
"","20558 Stevens Creek Blvd.
 Cupertino, CA 95014
 408-780-7748"
"","3630 Peachtree Pkwy.
 Suwanee, GA 30024
 678-690-1243"
"","7110 Skillman St.
 Dallas, TX 75231
 469-210-8166"
"","835 W. Foothill Blvd.
 Claremont, CA 91711
 909-267-1049"
"","1751 Westwood Blvd.
 Los Angeles, CA 90024
 310-500-1192"
"","11722 Marsh Ln.
 Dallas, TX 75229
 214-350-0574"
"","559 W. Main St.
 Norman, OK 73069
 405-217-4601"
"","1785 E. Murray Holladay Rd.
 Holladay, UT 84117
 385-695-6817"
"","216 S. 700 East
 Salt Lake City, UT 84102
 801-364-1602"
"","8383 N. Booth Ave.
 Kansas City, MO 64158
 816-222-0202"
"","850 Herndon Ave.
 Clovis, CA 93612
 559-326-1169"
"","7355 Day Creek Blvd.
 Rancho Cucamonga, CA 91739
 909-803-5730"
"","5001 S. Broadway
 Englewood, CO 80113
 720-612-6595"
"","150 E. Main St.
 Alhambra, CA 91801
 626-863-1096"
"","5190 Preston Rd.
 Frisco, TX 75034
 972-464-5776"
"","17700 N. US Hwy. 281
 San Antonio, TX 78232
 210-499-1446"
"","6821 W. 135th St.
 Overland Park, KS 66223
 913-643-4190"
"","22401 Old Canal Rd.
 Yorba Linda, CA 92887
 714-464-1824"
"","2015 E. Highway 54
 Peachtree City, GA 30269
 678-586-2577"
"","10800 Alpharetta Hwy.
 Roswell, GA 30076
 678-353-0102"
"","600 W. Hillcrest Dr.
 Thousand Oaks, CA 91360
 805-716-4373"
"","7477 N. Blackstone Ave.
 Fresno, CA 93720
 559-256-1735"
"","12415 N. Tatum Blvd.
 Phoenix, AZ 85032
 602-971-4177"
"","3805 Dallas Hwy. SW
 Marietta, GA 30064
 678-919-8701"
"","110 Interstate Hwy. 35 N.
 Round Rock, TX 78681
 512-334-4684"
"","3725 Kipling St.
 Wheat Ridge, CO 80033
 720-305-0219"
"","7877 E. Broadway Blvd.
 Tucson, AZ 85710
 520-546-6112"
"","11940 Westheimer Rd.
 Houston, TX 77077
 281-582-6794"
"","659 Lomas Sante Fe Dr.
 Solana Beach, CA 92075
 858-350-7900"
"","12200 N. MacArthur Blvd.
 Oklahoma City, OK 73162
 405-384-7577"
"","9751 S. Parker Rd.
 Parker, CO 80134
 720-475-8684"
"","1010 Murfreesboro Rd.
 Franklin, TN 37064
 615-567-0191"
"","11519 S. 4000 W.
 South Jordan, UT 84095
 385-695-6809"
"","239 S. Diamond Bar Blvd.
 Diamond Bar, CA 91765
 909-378-4980"
"","316 Grapevine Hwy.
 Hurst, TX 76054
 682-325-5977"
"","143 Wendelwood Dr.
 Murfreesboro, TN 37129
 615-486-6081"
"","13759 W. Bell Rd.
 Surprise, AZ 85374
 623-544-3121"
"","14945 Holt Ave.
 Tustin, CA 92780
 714-415-4381"
"","401 Kenilworth Dr., Suite 1040
 Petaluma, CA 94952
 707-789-4976"
"","7620 Hwy. 70 S.
 Nashville, TN 37221
 615-209-7940"
"","735 E. Birch St.
 Brea, CA 92821
 714-482-1000"
"","2325 Sand Creek Rd.
 Brentwood, CA 94513
 925-308-1965"
"","690 3rd Ave.
 Chula Vista, CA 91910
 619-409-7630"
"","13536 Poway Rd.
 Poway, CA 92064
 858-486-7851"
"","6410 North May Ave.
 Oklahoma City, OK 73116
 405-879-9989"
"","301 Gellert Blvd.
 Daly City, CA 94015
 415-325-1091"
"","4100 E. Legacy Dr.
 Plano, TX 75024
 972-618-8902"
"","2500 Eldorado Pkwy.
 Frisco, TX 75033
 469-731-7261"
"","10111 S. Memorial Dr.
 Tulsa, OK 74133
 918-364-7272"
"","560 W. Stuart Ave.
 Redlands, CA 92373
 909-283-7162"
"","4282 N. 1st Ave.
 Tucson, AZ 85719
 520-407-5132"
"","21821 Ventura Blvd.
 Woodland Hills, CA 91364
 818-887-6473"
"","120 W. Ontario Ave.
 Corona, CA 92882
 951-371-4227"
"","555 W. South Boulder Rd.
 Lafayette, CO 80026
 303-664-1902"
"","1625 E. Glendale Ave.
 Phoenix, AZ 85020
 602-385-2150"
"","15801 Whittier Blvd.
 Whittier, CA 90603
 562-265-2109"
"","1447 S. Harbor Blvd.
 Fullerton, CA 92832
 714-441-1233"
"","4408 Del Rio Rd.
 Sacramento, CA 95822
 916-455-4200"
"","2525 Arapahoe Ave.
 Boulder, CO 80302
 303-449-0777"
"","851 E. Hillside Dr.
 Broken Arrow, OK 74012
 918-806-0810"
"","3011 El Camino Real
 Tustin, CA 92782
 714-734-8760"
"","1530 Cypress Creek Rd.
 Cedar Park, TX 78613
 512-279-8312"
"","587 S. Meadows Pkwy.
 Reno, NV 89521
 775-335-1055"
"","3243 Camino de los Coches 
 Carlsbad, CA 92009
 760-635-0625"
"","4065 S. Gilbert Rd.
 Chandler, AZ 85249
 480-781-0088"
"","1845 Piedmont Ave.
 Atlanta, GA 30324
 404-751-0605"
"","3015 Clairemont Dr.
 Clairemont, CA 92117
 619-764-6015"
"","1101 S. Hover
 Longmont, CO 80501
 303-834-4124"
"","1265 W. Exchange Pkwy.
 Allen, TX 75013
 972-521-0057"
"","24285 Magic Mountain Pkwy.
 Valencia, CA 91355
 661-414-1109"
"","4439 Genesee Ave.
 San Diego, CA 92117
 858-268-2400"
"","5665 W. Bell Rd.
 Glendale, AZ 85308
 602-896-0300"
"","2950 Baseline Rd. 
 Boulder, CO 80303
 720-279-6758"
"","800 NE Hwy. 291
 Lee's Summit, MO 64086
 816-272-7038"
"","7504 Hwy. 72 West
 Madison, AL 35758
 256-203-8334"
"","4645 E. Speedway Blvd.
 Tucson, AZ 85712
 520-325-1320"
"","2030 Douglas Blvd.
 Roseville, CA 95661
 916-462-5047"
"","7905 Greenback Ln.
 Citrus Heights, CA 95610
 916-560-2000"
"","1800 N. Henderson Ave.
 Dallas, TX 75206
 214-826-2937"
"","15110 N. Dale Mabry Hwy.
 Tampa, FL 33618
 813-619-4000"
"","111 E. El Camino Real
 Sunnyvale, CA 94087
 408-702-1172"
"","6605 Fallbrook Ave.
 West Hills, CA 91307
 818-867-2104"
"","635 S. Green Valley Pkwy.
 Henderson, NV 89052
 702-322-2229"
"","9628 Nall Ave.
 Overland Park, KS 66207
 913-643-9170"
"","4101 Roswell Rd.
 Marietta, GA 30062
 770-200-9172"
"","5650 Allen Way
 Castle Rock, CO 80108
 720-305-0684"
"","1012 S. Westlake Blvd.
 Westlake Village, CA 91361
 805-917-4200"
"","9361 Mission Gorge Rd.
 Santee, CA 92071
 619-562-0145"
"","1028 E. Brokaw Rd.
 San Jose, CA 95131
 408-490-3041"
"","1260 Garnet Ave.
 San Diego, CA 92109
 858-270-8200"
"","820 N. Western Ave.
 San Pedro, CA 90732
 310-831-7836"
"","4123 S. Harvard Ave.
 Tulsa, OK 74135
 918-858-8850"
"","3181 Crow Canyon Pl.
 San Ramon, CA 94583
 925-302-1395"
"","10650 Stockdale Hwy.
 Bakersfield, CA 93311
 661-617-8957"
"","8550 Maurer Rd.
 Lenexa, KS 66219
 913-312-1586"
"","5150 W. 120th Ave.
 Westminster, CO 80030
 303-803-1010"
"","9241 Virginia Pkwy.
 McKinney, TX 75071
 469-481-5000"
"","1375 S. State St.
 Orem, UT 84097
 801-434-1501"
"","3035 Broadway
 Oakland, CA 94611
 510-851-7688"
"","4402 N. Miller Rd.
 Scottsdale, AZ 85251
 480-941-6001"
"","207 E. FM 544
 Murphy, TX 75094
 972-265-4770"
"","2301 Cross Timbers Rd.
 Flower Mound, TX 75028
 972-874-7380"
"","1959 W. Ray Rd.
 Chandler, AZ 85224
 480-732-1012"
"","1075 Monroe St.
 Albany, CA 94706
 510-345-0461"
"","22506 Tomball Pkwy.
 Houston, TX 77070
 832-698-0004"
"","2855 S. Alma School Rd.
 Chandler, AZ 85248
 480-814-2700"
"","6300 Waverly Wy.
 Fort Worth, TX 76116
 682-747-5456"
"","39606 Winchester Rd.
 Temecula, CA 92591
 951-694-3680"
"","33652 US Hwy. 19 N
 Palm Harbor, FL 34684
 727-437-3824"
"","5205 Prospect Rd.
 San Jose, CA 95129
 408-725-3970"
"","20708 Kuykendahl Rd.
 Spring, TX 77379
 832-764-5424"
"","1130 Branham Ln.
 San Jose, CA 95118
 408-833-1152"
"","9601 N. 133rd E. Ave.
 Owasso, OK 74055
 918-516-6656"
"","10701 Corrales Rd., NW
 Albuquerque, NM 87114
 505-890-7900"
"","2601 S. Lemay Ave.
 Fort Collins, CO 80525
 970-282-8003"
"","10134 W. Happy Valley Rd.
 Peoria, AZ 85383
 602-385-3392"
"","11201 Montgomery Blvd., NE
 Albuquerque, NM 87111
 505-298-2447"
"","2880 S. Colorado Blvd.
 Denver, CO 80222
 303-758-4400"
"","1440 Airline Rd.
 Corpus Christi, TX 78412
 361-993-2850"
"","362 E. FM 1382
 Cedar Hill, TX 75104
 972-637-5108"
"","6760 Stanford Ranch Rd.
 Roseville, CA 95678
 916-774-1120"
"","27765 Santa Margarita Pkwy.
 Mission Viejo, CA 92691
 949-587-3003"
"","195 Yale St.
 Houston, TX 77007
 713-395-4590"
"","3860 W. River Rd.
 Tucson, AZ 85741
 520-204-1787"
"","2060 El Camino Real
 Santa Clara, CA 95050
 408-780-7248"
"","1300 Pinole Valley Rd.
 Pinole, CA 94564
 510-640-8111"
"","915 N La Brea Ave.
 Los Angeles, CA 90038
 323-217-1642"
"","655 Sunland Park Dr.
 El Paso, TX 79912
 915-833-3380"
"","174 E. Sheldon St
 Prescott, AZ 86301
 928-499-3350"
"","2480 Mt. Vernon Rd.
 Dunwoody, GA 30338
 678-690-1237"
"","8201 Quaker Ave., Suite 140
 Lubbock, TX 79424
 806-794-4900"
"","1440 N. Lincoln Ave.
 Loveland, CO 80538
 970-800-5607"
"","197 E. Mississippi Ave.
 Denver, CO 80209
 720-458-2873"
"","1500 E. Village Way, Suite #2279
 Orange, CA 92865
 714-464-1060"
"","21181 S. Ellsworth Loop Rd.
 Queen Creek, AZ 85142
 623-385-3213"
"","8040 N. 19th Ave.
 Phoenix, AZ 85021
 602-864-6130"
"","3205 Lemon Grove Ave.
 Lemon Grove, CA 91945
 619-667-8686"
"","4175 Park Blvd.
 San Diego, CA 92103
 619-291-8287"
"","1590 S. 4th Ave.
 Yuma, AZ 85364
 928-388-6016"
"","13415 Voyager Pkwy.
 Colorado Springs, CO 80921
 719-884-7900"
"","8211 Laguna Blvd.
 Elk Grove, CA 95758
 916-478-9595"
"","27271 La Paz Rd.
 Laguna Niguel, CA 92677
 949-349-1999"
"","7728 E. Central Ave.
 Wichita, KS 67206
 316-448-5254"
"","2618 El Camino Real 
 Carlsbad, CA 92008
 760-730-1123"
"","4600 Roswell Rd. #A100
 Sandy Springs, GA 30342
 678-954-5294"
"","655 Irwin St.
 San Rafael, CA 94901
 415-524-1159"
"","8375 W. Thunderbird Rd.
 Peoria, AZ 85381
 623-334-1111"
"","5711 W. Interstate 20 Hwy.
 Arlington, TX 76017
 682-587-0086"
"","9861 Adams Ave.
 Huntington Beach, CA 92646
 714-369-1139"
"","225 E. 17th St.
 Costa Mesa, CA 92627
 949-698-1094"
"","1031 Montgomery Hwy.
 Vestavia Hills, AL 35216
 205-484-0084"
"","11710 Carmel Mountain Rd.
 San Diego, CA 92128
 858-798-7200"
"","847 W. Foothill Blvd.
 Upland, CA 91786
 909-912-1461"
"","530 Lakeland Plz.
 Cumming, GA 30040
 470-505-2000"
"","110 W. Sandy Lake Rd.
 Coppell, TX 75019
 972-350-8051"
"","5130 Peachtree Pkwy.
 Peachtree Corners, GA 30092
 678-690-1249"
"","7153 Amador Plaza Rd.
 Dublin, CA 94568
 925-307-1172"
"","7725 Wadsworth Blvd.
 Arvada, CO 80003
 303-463-4828"
"","2245 Yosemite Dr.
 Los Angeles, CA 90041
 323-423-1128"
"","2003 S. Main St.
 Keller, TX 76248
 817-380-7024"
"","39 N. Rosemead Blvd.
 Pasadena, CA 91107
 626-696-1290"
"","5617 Barnes Rd.
 Colorado Springs, CO 80917
 719-313-4405"
"","199 Paseo de Peralta
 Santa Fe, NM 87501
 505-988-1140"
"","4650 SW Loop 820
 Fort Worth, TX 76109
 682-747-5790"
"","1933 E. Brown Rd.
 Mesa, AZ 85213
 480-668-0800"
"","3001 Lakeview Pkwy.
 Rowlett, TX 75088
 972-265-0386"
