1028 Beacon St, Brookline, MA 02446, USA|42.3461672|-71.1083462
353 E Broadway, Eugene, OR 97401, USA|44.0500776|-123.0876026
35 Pleasant St, South Weymouth, MA 02190, USA|42.1716215|-70.9530417
399 Post Rd W, Westport, CT 06880, USA|41.1280498|-73.3801871
3968 Airport Blvd, Mobile, AL 36608, USA|30.6771889|-88.1510459
1575 The Fairway, Jenkintown, PA 19046, USA|40.1078859|-75.1161394
1001 Plymouth Rd, Minnetonka, MN 55305, USA|44.9741486|-93.4453822
4500 Interstate 55 North Frontage Rd #99, Jackson, MS 39211, USA|32.3555087|-90.1509014
3802 Northdale Blvd, Tampa, FL 33624, USA|28.0930403|-82.5041436
170 Great Rd, Bedford, MA 01730, USA|42.4909409|-71.272793
1 Ridge Hill Boulevard, Yonkers, NY 10710, USA|40.964158|-73.855722
429 N Broadway, Jericho, NY 11753, USA|40.7891251|-73.5344776
1575 Selby Ave, St Paul, MN 55104, USA|44.9467164|-93.1666743
270 Palladio Pkwy, Folsom, CA 95630, USA|38.6488605|-121.1180225
788 S Grand Ave, Los Angeles, CA 90017, USA|34.0463855|-118.2574394
3301 Imperial Hwy, Brea, CA 92823, USA|33.9102725|-117.8514052
399 4th St, San Francisco, CA 94107, USA|37.7813029|-122.399853
500 E Ogden Ave, Hinsdale, IL 60521, USA|41.8175033|-87.9167723
2305 N Prospect Ave, Milwaukee, WI 53211, USA|43.0607982|-87.883825
21347 Ventura Blvd, Woodland Hills, CA 91364, USA|34.1680942|-118.5968674
14615 W 119th St, Olathe, KS 66062, USA|38.9114755|-94.7564628
929 South St, Philadelphia, PA 19147, USA|39.9429136|-75.1577838
990 W Eisenhower Pkwy, Ann Arbor, MI 48103, USA|42.24841|-83.758199
1815 E Victory Dr, Savannah, GA 31404, USA|32.0433386|-81.0719269
327 Russell St, Hadley, MA 01035, USA|42.3531204|-72.555805
760 Waukegan Rd, Deerfield, IL 60015, USA|42.1662565|-87.8481107
390 Coddingtown Mall, Santa Rosa, CA 95401, USA|38.458116|-122.7316418
7245 Lake St, River Forest, IL 60305, USA|41.8873966|-87.8064734
5001 Peachtree Blvd, Chamblee, GA 30341, USA|33.885616|-84.3155901
808 Columbus Ave, New York, NY 10025, USA|40.7946584|-73.9666277
5120 S Rural Rd, Tempe, AZ 85282, USA|33.379584|-111.9297888
2825 E Burnside St, Portland, OR 97214, USA|45.52326|-122.6367337
4301 W William Cannon Dr, Austin, TX 78749, USA|30.2196488|-97.8416446
40 Railroad St, Andover, MA 01810, USA|42.6608827|-71.1446297
5600 Magazine St, New Orleans, LA 70115, USA|29.9207616|-90.1176615
20955 Stevens Creek Blvd, Cupertino, CA 95014, USA|37.3236316|-122.0397419
100 Sunset Dr, San Ramon, CA 94583, USA|37.7617459|-121.9612469
1250 S Hover Rd, Longmont, CO 80501, USA|40.145059|-105.1289329
Centennial Hall, 959 W Fullerton Ave, Chicago, IL 60614, USA|41.9250815|-87.653219
181 Cambridge St, Boston, MA 02114, USA|42.3620497|-71.0653595
261 Waterman St, Providence, RI 02906, USA|41.8277606|-71.3863013
790 De Long Ave, Novato, CA 94945, USA|38.1056742|-122.5654623
5945 State Bridge Rd, Johns Creek, GA 30097, USA|34.0144864|-84.184373
11355 Woodglen Dr, North Bethesda, MD 20852, USA|39.0430696|-77.1131376
11660 Plaza America Dr, Reston, VA 20190, USA|38.9517828|-77.3491828
4021 Hillsboro Pike, Nashville, TN 37215, USA|36.1031575|-86.8187823
3450 US-190, Mandeville, LA 70471, USA|30.3905209|-90.0861252
2001 15th Ave W, Seattle, WA 98119, USA|47.6371975|-122.3769821
94 Derby St, Hingham, MA 02043, USA|42.17746|-70.9087745
1101 S Canal St, Chicago, IL 60607, USA|41.8675244|-87.6387877
3535 NE 15th Ave, Portland, OR 97212, USA|45.5487608|-122.651163
1380 E 70th St, Shreveport, LA 71105, USA|32.4443157|-93.7268715
6910 McKinley St, Sebastopol, CA 95472, USA|38.4038672|-122.8241218
1111 S Washington St, Denver, CO 80210, USA|39.696018|-104.979909
6730 Papermill Dr NW, Knoxville, TN 37919, USA|35.9331474|-84.0154703
650 Town Center Dr, Oxnard, CA 93036, USA|34.2400492|-119.1791438
18700 Ventura Blvd, Tarzana, CA 91356, USA|34.1704195|-118.5412344
1933 NJ-35, Wall Township, NJ 07719, USA|40.1549477|-74.0560645
911 Soquel Ave, Santa Cruz, CA 95062, USA|36.9788238|-122.0145884
50 Shelter Cove Ln, Hilton Head Island, SC 29928, USA|32.1864461|-80.717952
1333 Newell Ave, Walnut Creek, CA 94596, USA|37.8926878|-122.0553114
11 S State St, Lake Oswego, OR 97034, USA|45.415781|-122.6619761
4100 University Ave #260, West Des Moines, IA 50266, USA|41.5985218|-93.759709
1425 Central Ave, Albany, NY 12205, USA|42.7101416|-73.816418
8710 Six Forks Rd, Raleigh, NC 27615, USA|35.8993151|-78.650322
815 SE 160th Ave, Vancouver, WA 98683, USA|45.6146944|-122.5058161
Fairview Pkwy & Fairview Village Rd, Fairview, TX 75069, USA|33.1370234|-96.6490258
821 W Lancaster Ave, Wayne, PA 19087, USA|40.0488438|-75.4112012
1250 Jefferson Ave, Redwood City, CA 94062, USA|37.4822993|-122.2316749
300 Bergen Town Center, Paramus, NJ 07652, USA|40.9146322|-74.0590675
3313 University Ave, Madison, WI 53705, USA|43.0747957|-89.4441049
4 Union Square E, New York, NY 10003, USA|40.7346746|-73.9891496
3111 Mowry Ave, Fremont, CA 94538, USA|37.5549956|-121.9852089
19340 Rinaldi St, Northridge, CA 91326, USA|34.2735973|-118.5549496
4 S Tunnel Rd, Asheville, NC 28805, USA|35.5828516|-82.5250484
13998 Cedar Rd, University Heights, OH 44118, USA|41.5007845|-81.5369211
340 3rd St, San Rafael, CA 94901, USA|37.9713187|-122.5168468
Whole Foods, 12601 Hill Country Blvd, Bee Cave, TX 78738, USA|30.3076183|-97.9377502
2880 W Maple Rd, Troy, MI 48084, USA|42.5486966|-83.1853091
270 Palladio Pkwy, Folsom, CA 95630, USA|38.6488605|-121.1180225
2655 Pacific Coast Hwy, Torrance, CA 90505, USA|33.7925384|-118.3309841
350 Grasmere Ave, Fairfield, CT 06824, USA|41.1583342|-73.2402224
8003 Turkey Lake Rd, Orlando, FL 32819, USA|28.4491643|-81.4765302
600 H St NE, Washington, DC 20002, USA|38.9005105|-76.9975298
2001 15th Ave W, Seattle, WA 98119, USA|47.6371975|-122.3769821
18403 Blanco Rd, San Antonio, TX 78258, USA|29.613701|-98.5112196
340 River St, Cambridge, MA 02139, USA|42.3610067|-71.1139633
1450 Taylor Rd, Montgomery, AL 36117, USA|32.3586502|-86.172928
3000 Telegraph Ave, Berkeley, CA 94705, USA|37.8556007|-122.2601477
3313 University Ave, Madison, WI 53705, USA|43.0747957|-89.4441049
100 W 125th St, New York, NY 10027, USA|40.807765|-73.9460838
2375 E 1st Ave, Denver, CO 80206, USA|39.7186572|-104.9573048
331 Paradise Rd, Swampscott, MA 01907, USA|42.4792161|-70.90475
6853 S York St, Centennial, CO 80122, USA|39.5920828|-104.9621919
10 Columbus Cir, New York, NY 10019, USA|40.7687596|-73.9832053
1420 AZ-89A, Sedona, AZ 86336, USA|34.8635337|-111.7851406
255 Hartford Ave, Bellingham, MA 02019, USA|42.1114476|-71.4615713
2700 Wilson Blvd, Arlington, VA 22201, USA|38.88924|-77.090896
1558 Kings Hwy N, Cherry Hill, NJ 08034, USA|39.9159124|-75.0113744
633 Broad St, Newark, NJ 07102, USA|40.7400081|-74.1699953
2520 Glendale Blvd, Los Angeles, CA 90039, USA|34.1028766|-118.2584507
923 Houston Northcutt Blvd, Mt Pleasant, SC 29464, USA|32.8024308|-79.8891111
7881 Edinger Ave #150, Huntington Beach, CA 92647, USA|33.7313371|-117.991241
5555 E River Rd, Tucson, AZ 85750, USA|32.2749744|-110.8743557
575 Worcester Rd, Framingham, MA 01701, USA|42.2985466|-71.4210025
3202 W Friendly Ave, Greensboro, NC 27408, USA|36.085865|-79.8342543
6910 McKinley St, Sebastopol, CA 95472, USA|38.4038672|-122.8241218
2305 N Prospect Ave, Milwaukee, WI 53211, USA|43.0607982|-87.883825
2121 Cloverfield Blvd, Santa Monica, CA 90404, USA|34.0220948|-118.4654166
2201 I St NW, Washington, DC 20037, USA|38.9010776|-77.0490824
940 NJ-73, Marlton, NJ 08053, USA|39.8577076|-74.920581
15980 Los Gatos Blvd, Los Gatos, CA 95032, USA|37.236096|-121.9614978
2955 W Ray Rd, Chandler, AZ 85224, USA|33.3184402|-111.892792
1181 Yulupa Ave, Santa Rosa, CA 95405, USA|38.4423745|-122.6748622
Downtown at the Gardens, 11701 Lake Victoria Gardens Ave, Palm Beach Gardens, FL 33410, USA|26.8496709|-80.0945215
4420 Willard Ave, Bethesda, MD 20815, USA|38.9612939|-77.0870157
7250 W Lake Mead Blvd, Las Vegas, NV 89128, USA|36.1974857|-115.2501812
621 E Washington St, Petaluma, CA 94952, USA|38.2412783|-122.6345703
348 Harrison Ave, Boston, MA 02118, USA|42.3453012|-71.0624946
401 S Broadway Ave, Boise, ID 83702, USA|43.6078634|-116.1946376
7511 Leesburg Pike, Falls Church, VA 22043, USA|38.903442|-77.2044823
4530 40th St NW, Washington, DC 20016, USA|38.948731|-77.079041
1026 NE 64th St, Seattle, WA 98115, USA|47.6752938|-122.3162376
2001 Market St, San Francisco, CA 94114, USA|37.7683534|-122.4271397
1601 S Brentwood Blvd, Brentwood, MO 63144, USA|38.6270702|-90.3478794
10275 Little Patuxent Pkwy, Columbia, MD 21044, USA|39.2139148|-76.8558267
1140 Woodruff Rd, Greenville, SC 29607, USA|34.8258121|-82.3010026
2510 McKinney Ave, Dallas, TX 75201, USA|32.7958611|-96.8016241
880 Main St, Melrose, MA 02176, USA|42.4648952|-71.0625093
8825 Villa La Jolla Dr, La Jolla, CA 92037, USA|32.8687404|-117.2306258
10133 Louetta Rd, Houston, TX 77070, USA|29.9985157|-95.562061
199 US-41, Schererville, IN 46375, USA|41.519184|-87.4705305
200 Harker Pl, Annapolis, MD 21401, USA|38.9817499|-76.5407361
2520 Glendale Blvd, Los Angeles, CA 90039, USA|34.1028766|-118.2584507
15260 South La Grange Road, Orland Park, IL 60462, USA|41.6126932|-87.8549829
17991 Redmond Way, Redmond, WA 98052, USA|47.666112|-122.1012285
113 U.S. 9, Manalapan Township, NJ 07726, USA|40.3114542|-74.3048173
51 Austin St, Charlestown, MA 02129, USA|42.3755995|-71.0661905
10810 N Tatum Blvd, Phoenix, AZ 85028, USA|33.5845331|-111.9790564
3751 E Foothill Blvd, Pasadena, CA 91107, USA|34.1510888|-118.0722072
832 W 63rd St, Chicago, IL 60621, USA|41.779969|-87.646257
2245 Springfield Ave, Vauxhall, NJ 07088, USA|40.7169538|-74.2866735
520 12th St S #100, Arlington, VA 22202, USA|38.8624563|-77.0548425
110 Washington St, Morristown, NJ 07960, USA|40.7991897|-74.4888941
1050 Miamisburg Centerville Rd, Washington Township, OH 45458, USA|39.6279596|-84.189132
2607 W 75th St, Naperville, IL 60540, USA|41.7489072|-88.1997473
2800 196th St SW, Lynnwood, WA 98036, USA|47.8199395|-122.2723037
5155 S Wadsworth Blvd, Littleton, CO 80123, USA|39.6231799|-105.0922465
650 Ponce De Leon Ave NE, Atlanta, GA 30308, USA|33.7750062|-84.3658378
390 Coddingtown Mall, Santa Rosa, CA 95401, USA|38.458116|-122.7316418
2101 Pennsylvania Ave, Philadelphia, PA 19130, USA|39.9633088|-75.1738221
1551 3rd Ave, New York, NY 10128, USA|40.7796906|-73.9529128
1401 E 41st St, Tulsa, OK 74105, USA|36.1048813|-95.9731725
629 Kailua Rd #100, Kailua, HI 96734, USA|21.3938515|-157.7429669
160 Littleton Rd, Westford, MA 01886, USA|42.5682691|-71.4201251
400 Cambridge Rd, Woburn, MA 01801, USA|42.4604532|-71.1635105
4451 Main St, Westminster, CO 80031, USA|39.9133625|-105.0446215
10601 San Jose Blvd, Jacksonville, FL 32257, USA|30.1851293|-81.6266428
18700 Ventura Blvd, Tarzana, CA 91356, USA|34.1704195|-118.5412344
2905 Pearl St, Boulder, CO 80301, USA|40.0240081|-105.2559723
2800 Old Milton Pkwy, Alpharetta, GA 30004, USA|34.0694706|-84.27843
4305 Fort Jackson Blvd, Columbia, SC 29205, USA|33.9926665|-80.9753976
283 Broadway St, Laguna Beach, CA 92651, USA|33.543887|-117.7838495
2732 Augustine Dr, Santa Clara, CA 95054, USA|37.3807339|-121.9750147
2635 SR 7, Wellington, FL 33414, USA|26.6414156|-80.2062044
3000 Telegraph Ave, Berkeley, CA 94705, USA|37.8556007|-122.2601477
701 Waugh Dr, Houston, TX 77019, USA|29.7578913|-95.3975636
50 Raymond Rd, West Hartford, CT 06107, USA|41.7607787|-72.7389617
4402 Legendary Dr, Destin, FL 32541, USA|30.3902739|-86.4202902
1686 Boston Post Rd, Milford, CT 06460, USA|41.2485763|-73.0246434
1555 W Lane Ave, Upper Arlington, OH 43221, USA|40.006602|-83.0525842
3950 24th St, San Francisco, CA 94114, USA|37.7520043|-122.4309341
215 IL-83, Elmhurst, IL 60126, USA|41.8938406|-87.9603936
777 The Alameda, San Jose, CA 95126, USA|37.3321739|-121.9048136
7380 SW Bridgeport Rd, Portland, OR 97224, USA|45.3944296|-122.7518953
6621 Baltimore Ave, Hyattsville, MD 20782, USA|38.9698071|-76.9382885
1440 P St NW, Washington, DC 20005, USA|38.9093554|-77.0334327
320 Cambridge Ln, Flagstaff, AZ 86001, USA|35.1915863|-111.6411472
44-459 Town Center Way, Palm Desert, CA 92260, USA|33.7257193|-116.3977647
95 E Houston St, New York, NY 10002, USA|40.7237669|-73.9922029
1407 S Voss Rd, Houston, TX 77057, USA|29.7523705|-95.5001082
27001 US Hwy 19 N, Clearwater, FL 33761, USA|28.0342784|-82.738787
12150 Biscayne Blvd, North Miami, FL 33181, USA|25.8879775|-80.1652886
2847 Park Ave, Tustin, CA 92782, USA|33.6963604|-117.8255884
1640 Chicago Ave, Evanston, IL 60201, USA|42.0475917|-87.6795601
1451 1st St, Sarasota, FL 34236, USA|27.3376679|-82.5410331
1255 Raritan Rd #150, Clark, NJ 07066, USA|40.6317675|-74.3050858
8402 Old Keene Mill Rd, West Springfield, VA 22152, USA|38.7796348|-77.2343247
239 N Crescent Dr, Beverly Hills, CA 90210, USA|34.0691848|-118.3980981
11100 W Burleigh St, Wauwatosa, WI 53222, USA|43.07555|-88.051739
900 E 11th Ave, Denver, CO 80218, USA|39.7332252|-104.9758516
501 Bowman Rd, Little Rock, AR 72211, USA|34.7493978|-92.4070771
100 Market St, Lynnfield, MA 01940, USA|42.5151204|-71.0297633
5815 Wyoming Blvd NE, Albuquerque, NM 87109, USA|35.1464368|-106.5559643
14598 Clay Terrace Blvd, Carmel, IN 46032, USA|39.999211|-86.1312218
151 Sockanosset Cross Rd, Cranston, RI 02920, USA|41.7559143|-71.4560503
750 N Martingale Rd, Schaumburg, IL 60173, USA|42.0424456|-88.0367404
7635 Academy Blvd N, Colorado Springs, CO 80920, USA|38.9421289|-104.7974014
905 River Rd, Edgewater, NJ 07020, USA|40.825033|-73.973929
4211 Waialae Ave, Honolulu, HI 96816, USA|21.2772953|-157.7865288
7401 France Ave S, Minneapolis, MN 55435, USA|44.8677533|-93.3282935
250 7th Ave, New York, NY 10001, USA|40.745078|-73.9953572
3360 E Speedway Blvd, Tucson, AZ 85716, USA|32.2357635|-110.9216105
2118 Abrams Rd, Dallas, TX 75214, USA|32.8158244|-96.752273
5118 S Lake Park Ave, Chicago, IL 60615, USA|41.801861|-87.5881519
2941 Ygnacio Valley Rd, Walnut Creek, CA 94598, USA|37.9259155|-122.0153072
544 S 700 E, Salt Lake City, UT 84102, USA|40.757846|-111.87185
525 N Lamar Blvd, Austin, TX 78703, USA|30.2706676|-97.7532464
3060 Excelsior Blvd, Minneapolis, MN 55416, USA|44.9477667|-93.3225671
3540 Wade Ave, Raleigh, NC 27607, USA|35.8024217|-78.6863264
6020 N Cicero Ave, Chicago, IL 60646, USA|41.9903526|-87.7489514
5269 River Rd, Bethesda, MD 20816, USA|38.9660278|-77.104317
4701 N 20th St, Phoenix, AZ 85016, USA|33.5062309|-112.0378952
110 Bloomingdale Rd, White Plains, NY 10605, USA|41.0285208|-73.7587531
536 Boston Post Rd, Sudbury, MA 01776, USA|42.3602916|-71.4311535
11700 Preston Rd, Dallas, TX 75230, USA|32.9082624|-96.8028444
7400 E Hampden Ave, Denver, CO 80231, USA|39.6516563|-104.9014127
3640 N Halsted St, Chicago, IL 60613, USA|41.9484893|-87.6498751
